Gene,Mutation Type
acvr1,g328e
acvr1,g328v
acvr1,g328w
acvr1,g356d
acvr1,r206h
acvr1,r258g
atrx,a451fs (loh)
atrx,d1791h (loh)
atrx,d2144g
atrx,e327_e328fs
atrx,e533_s549fs
atrx,gc335>fr
atrx,k1449_e1450fs (loh)
atrx,l2112_f2113fs (loh)
atrx,l359_i360fs (loh)
atrx,r188*
atrx,r2111* (loh)
atrx,sv
atrx,t1610r
bcor,h1468_c1471>h (loh)
bcor,k1260_s1261fs
bcor,k175fs
bcor,p152fs
bcor,p602fs (loh)
bcor,r1164*
bcor,r1164* (loh)
bcor,r1480*
bcor,t200_p201fs
bcorl1,r21h
bcorl1,r609*
bcorl1,"y1692*,e1255_e1256>e"
braf,v600e
ccnd123cdk46,amp (ccnd1)
ccnd123cdk46,amp (ccnd2)
ccnd123cdk46,"amp (ccnd2, cdk4)"
ccnd123cdk46,amp (ccnd2/3)
ccnd123cdk46,amp (ccnd2/ccnd3)
ccnd123cdk46,amp (ccnd3)
ccnd123cdk46,amp (cdk4)
ccnd123cdk46,amp (cdk6)
ccnd123cdk46,del (ccnd1)
cdkn2ab,del
egfr,amp
egfr,d770>asvd
egfr,g598v (loh)
egfr,r108k
egfr,r222c
egfr,"sv,amp"
histone3,h3.1k27m
histone3,h3.3g34r
histone3,h3.3k27m
met,amp
myc,amp
mycn,amp
nf1,del
nf1,"gr416*,f2176fs"
nf1,i719fs (loh)
nf1,l952fs
nf1,r2237* (loh)
nf1,"r816*,sv (nf1_cntn5)"
nf1,s1053*
ntrk123,sv (agbl4_ntrk2)
ntrk123,sv (btbd1_ntrk3)
ntrk123,sv (etv6_ntrk3)
ntrk123,sv (tpm3_ntrk1)
ntrk123,sv (vcl_ntrk2)
pdgfra,a529>15aa
pdgfra,amp
pdgfra,amp;i843_m844>m
pdgfra,amp;sv (dip2c_pdgfra)
pdgfra,d583_e587>e
pdgfra,n468s
pdgfra,n659k
pdgfra,"rvtfinsa491,amp"
pdgfra,sv
pik3ca,e110del
pik3ca,e545k
pik3ca,e726a
pik3ca,h1047r
pik3ca,i102_v105del
pik3ca,p449_l456>l
pik3ca,q546k
pik3ca,r88q
pik3r1,e451_y452del
pik3r1,eyinsn453
pik3r1,k567_i571>i
pik3r1,k575_r577del
pik3r1,l380del
pik3r1,t576_r577>r
ppm1d,e405*
ppm1d,i466_p467fs
ppm1d,p417fs
ppm1d,q404*
ppm1d,s516*
ppm1d,w427*
tp53,a88fs
tp53,c135w
tp53,c135w (loh)
tp53,c176y
tp53,e180fs
tp53,e198_g199fs
tp53,"e339*,r248w"
tp53,g245c
tp53,g245s (loh)
tp53,ge224a  (loh)
tp53,gr196* (loh)
tp53,gr248q
tp53,gr248q (loh)
tp53,h179d (loh)
tp53,h193y
tp53,l130_n131>l
tp53,m237i (loh)
tp53,p47_f54fs (loh)
tp53,"q167*,r273h"
tp53,r156_r158>r (loh)
tp53,r158g (loh)
tp53,r174_e180>r
tp53,r175h
tp53,r175h (loh)
tp53,r213*
tp53,"r213*,l252p  (loh)"
tp53,r248q (loh)
tp53,r248w
tp53,r249s (loh)
tp53,r273c
tp53,r273c (loh)
tp53,"r273c,k120m"
tp53,"r273c,q144*"
tp53,r273h
tp53,r273h (loh)
tp53,r342*
tp53,s241f
tp53,s241y
tp53,v157f (loh)
tp53,v173a
tp53,y163c
